duration,loss,accuracy,precision,recall,f1,true positives,true negatives,false positives,false negatives
68.10685133934021,0.7019220370338076,0.47614285714285715,0.06547234278326715,0.4459119496855346,0.11417988565907075,709,9290,10120,881
83.38510799407959,0.10867070352463495,0.9571904761904761,0.7501810282404056,0.6515723270440251,0.6974082800403905,1036,19065,345,554
88.21468496322632,0.10880897067983945,0.959,0.7951417004048583,0.6176100628930817,0.6952212389380531,982,19157,253,608
95.51172709465027,0.11048545173803966,0.9595238095238096,0.7431011826544021,0.7113207547169811,0.7268637532133676,1131,19019,391,459
78.33297538757324,0.10909979268908501,0.9596190476190476,0.7569252077562327,0.6874213836477987,0.7205009887936716,1093,19059,351,497
84.74631881713867,0.11101610883786565,0.9604761904761905,0.789193302891933,0.6522012578616352,0.7141873278236914,1037,19133,277,553
80.51164627075195,0.10494595482377779,0.960952380952381,0.7757879656160458,0.6811320754716981,0.7253851306095109,1083,19097,313,507
