duration,loss,accuracy,precision,recall,f1,true positives,true negatives,false positives,false negatives
68.46363401412964,0.7369772765749977,0.42966666666666664,0.0760025873221216,0.6312961719274681,0.13567150176805948,940,8083,11428,549
61.66414427757263,0.11773834472610836,0.9556190476190476,0.6633431085043988,0.7595701813297515,0.7082028804007514,1131,18937,574,358
67.91625809669495,0.1226396939754486,0.954047619047619,0.6574519230769231,0.7347212894560108,0.693942277196321,1094,18941,570,395
65.84647059440613,0.12326806096803575,0.9543809523809523,0.6736429038587312,0.6917394224311618,0.6825712392312789,1030,19012,499,459
77.9969744682312,0.12715179307971683,0.9523809523809523,0.6345624656026417,0.7743451981195433,0.6975196612220206,1153,18847,664,336
81.77420020103455,0.11041101816438494,0.9597142857142857,0.7015673981191223,0.7515110812625924,0.7256809338521402,1119,19035,476,370
61.912110328674316,0.108370696076325,0.9612857142857143,0.7283783783783784,0.7239758226997985,0.7261704277534524,1078,19109,402,411
