duration,loss,accuracy,precision,recall,f1,true positives,true negatives,false positives,false negatives
187.34371542930603,0.6959314010256813,0.5098095238095238,0.06814360597369201,0.44138372837924406,0.1180603152844414,689,10017,9422,872
271.17086005210876,0.12088052430890855,0.9580952380952381,0.7649805447470817,0.629724535554132,0.6907940969782149,983,19137,302,578
171.5354871749878,0.10935643897595859,0.9613333333333334,0.7566826593557231,0.7072389493914157,0.7311258278145695,1104,19084,355,457
183.6501259803772,0.12038119034256253,0.9584761904761905,0.7101891397193411,0.7456758488148623,0.7274999999999999,1164,18964,475,397
180.20728969573975,0.12597659742690268,0.9570952380952381,0.739477503628447,0.6527866752081999,0.6934331405239879,1019,19080,359,542
188.5408444404602,0.13741480174660683,0.9544761904761905,0.7131782945736435,0.6483023702754644,0.6791946308724831,1012,19032,407,549
186.87434363365173,0.11803121866924422,0.9609047619047619,0.7673410404624278,0.6803331197950032,0.7212224108658745,1062,19117,322,499
